"BROKEN","EPIC","FAILED","FEATURE","PASSED","SKIPPED","STORY","UNKNOWN"
"1","All Orders Page Module","4","","23","0","","0"
"0","Cash and Carry Module","4","","15","0","","0"
"0","Phone Order Module - Delivery Type","0","","2","0","","0"
"0","Proposal Module - Event","1","","1","0","","0"
"0","Ecommerce - Checkout Page","1","","0","0","","0"
"0","Phone Order Module - Wire In Type","0","","1","0","","0"
"0","Web Admin Module - Add-Ons","2","","0","0","","0"
"0","Phone Order Module - Pickup Type","0","","2","0","","0"
"0","Phone Order Module - Wire out Type","0","","2","0","","0"
"0","","0","","2","0","","0"
"0","Quick Dispatch Module","1","","0","0","","0"
"0","Email Marketing Module","0","","1","0","","0"
"0","Proposal Module - Wedding","1","","1","0","","0"
"0","Customers Module","0","","1","0","","0"
"0","Web Admin Module - Products","0","","1","0","","0"
