"DESCRIPTION","DURATION IN MS","NAME","PARENT SUITE","START TIME","STATUS","STOP TIME","SUB SUITE","SUITE","TEST CLASS","TEST METHOD"
"","329491","Validate_Hana_T1465_OrderPage_AllOrdersView_Non_Deliveries_View_Functionality_Test","Hana POS - Smoke Functional Test Suite","Thu Jun 12 15:26:57 IST 2025","passed","Thu Jun 12 15:32:26 IST 2025","com.hanapos.testcases.All_Orders_Page_Testcases.Hana_T1465_OrderPage_AllOrdersView_Non_Deliveries_View_Functionality_Test","Hana POS - Smoke Functional Test","com.hanapos.testcases.All_Orders_Page_Testcases.Hana_T1465_OrderPage_AllOrdersView_Non_Deliveries_View_Functionality_Test","Validate_Hana_T1465_OrderPage_AllOrdersView_Non_Deliveries_View_Functionality_Test"
"","315308","Validate_Hana_T_Payments_With_EGiftCard_Under_Payment_Section_GiftCard_Functionality_Test","Hana POS - Smoke Functional Test Suite","Thu Jun 12 15:56:50 IST 2025","passed","Thu Jun 12 16:02:06 IST 2025","com.hanapos.testcases.CashandCarry_Testcases.Hana_T_Payments_With_EGiftCard_Under_Payment_Section_GiftCard_FT","Hana POS - Smoke Functional Test","com.hanapos.testcases.CashandCarry_Testcases.Hana_T_Payments_With_EGiftCard_Under_Payment_Section_GiftCard_FT","Validate_Hana_T_Payments_With_EGiftCard_Under_Payment_Section_GiftCard_Functionality_Test"
"Hana_T1432 :- Verify Phone Order Status with existing customer functionality","168722","Validate_Hana_T1432_OrderPage_AllOrders_Verify_Status_As_New_For_Phone_Orders_Functionality_Test","Hana POS - Smoke Functional Test Suite","Thu Jun 12 15:20:14 IST 2025","passed","Thu Jun 12 15:23:03 IST 2025","com.hanapos.testcases.All_Orders_Page_Testcases.Hana_T1432_OrderPage_AllOrders_Verify_Status_As_New_For_Phone_Orders_Functionality_Test","Hana POS - Smoke Functional Test","com.hanapos.testcases.All_Orders_Page_Testcases.Hana_T1432_OrderPage_AllOrders_Verify_Status_As_New_For_Phone_Orders_Functionality_Test","Validate_Hana_T1432_OrderPage_AllOrders_Verify_Status_As_New_For_Phone_Orders_Functionality_Test"
"","120096","Validate_Hana_T51_Payments_Cash_Payment_Test","Hana POS - Smoke Functional Test Suite","Thu Jun 12 15:09:15 IST 2025","passed","Thu Jun 12 15:11:15 IST 2025","com.hanapos.testcases.CashandCarry_Testcases.Hana_T51_Payments_Cash_Payment_Section_FT","Hana POS - Smoke Functional Test","com.hanapos.testcases.CashandCarry_Testcases.Hana_T51_Payments_Cash_Payment_Section_FT","Validate_Hana_T51_Payments_Cash_Payment_Test"
"Hana_T1480 :- Verify Phone Order Wire Out Status Changed to Wire out with existing customer functionality","199419","Validate_Hana_T1480_Order_Page_All_Orders_Verify_Status_displaying_as_Wire_out_for_PhoneOrders_Functionality_Test","Hana POS - Smoke Functional Test Suite","Thu Jun 12 15:32:32 IST 2025","passed","Thu Jun 12 15:35:51 IST 2025","com.hanapos.testcases.All_Orders_Page_Testcases.Hana_T1480_Order_Page_All_Orders_Verify_Status_displaying_as_Wire_out_for_PhoneOrders_Functionality_Test","Hana POS - Smoke Functional Test","com.hanapos.testcases.All_Orders_Page_Testcases.Hana_T1480_Order_Page_All_Orders_Verify_Status_displaying_as_Wire_out_for_PhoneOrders_Functionality_Test","Validate_Hana_T1480_Order_Page_All_Orders_Verify_Status_displaying_as_Wire_out_for_PhoneOrders_Functionality_Test"
"","405294","Validate_Hana_T1502_AllOrders_Verify_Status_is_ChangedTo_RedeliverFlowersBackInStore_When_Florist_Redelivered_The_Delivered_Order_Functionality_Test","Hana POS - Smoke Functional Test Suite","Thu Jun 12 15:39:55 IST 2025","passed","Thu Jun 12 15:46:40 IST 2025","com.hanapos.testcases.All_Orders_Page_Testcases.Hana_T1502_AllOrders_Verify_Status_is_ChangedTo_RedeliverFlowersBackInStore_When_Florist_Redelivered_The_Delivered_Order_Functionality_Test","Hana POS - Smoke Functional Test","com.hanapos.testcases.All_Orders_Page_Testcases.Hana_T1502_AllOrders_Verify_Status_is_ChangedTo_RedeliverFlowersBackInStore_When_Florist_Redelivered_The_Delivered_Order_Functionality_Test","Validate_Hana_T1502_AllOrders_Verify_Status_is_ChangedTo_RedeliverFlowersBackInStore_When_Florist_Redelivered_The_Delivered_Order_Functionality_Test"
"","231602","Validate_Hana_T1433_Order_Page_All_Orders_Verify_the_Status_is_change_to_Dispatch_when_order_is_dispatch_from_Quick_Dispatch_Functionality","Hana POS - Smoke Functional Test Suite","Thu Jun 12 15:54:06 IST 2025","failed","Thu Jun 12 15:57:57 IST 2025","com.hanapos.testcases.All_Orders_Page_Testcases.Hana_T1433_Order_Page_All_Orders_Verify_the_Status_is_change_to_Dispatch_when_order_is_dispatch_from_Quick_Dispatch_Functionality","Hana POS - Smoke Functional Test","com.hanapos.testcases.All_Orders_Page_Testcases.Hana_T1433_Order_Page_All_Orders_Verify_the_Status_is_change_to_Dispatch_when_order_is_dispatch_from_Quick_Dispatch_Functionality","Validate_Hana_T1433_Order_Page_All_Orders_Verify_the_Status_is_change_to_Dispatch_when_order_is_dispatch_from_Quick_Dispatch_Functionality"
"","117416","Validate_Hana_T28_GiftCard_Functionality_Test","Hana POS - Smoke Functional Test Suite","Thu Jun 12 15:07:36 IST 2025","passed","Thu Jun 12 15:09:33 IST 2025","com.hanapos.testcases.CashandCarry_Testcases.Hana_T28_Gift_Card_FT","Hana POS - Smoke Functional Test","com.hanapos.testcases.CashandCarry_Testcases.Hana_T28_Gift_Card_FT","Validate_Hana_T28_GiftCard_Functionality_Test"
"","487443","Validate_Hana_T1490_AllOrdersView_Pending_Deliveries_View_Delivery_Type_as_Wire_In_and_Status_New_Redeliver_because_of_complaint_Redeliver_flowers_back_in_store_FT","Hana POS - Smoke Functional Test Suite","Thu Jun 12 15:35:56 IST 2025","broken","Thu Jun 12 15:44:03 IST 2025","com.hanapos.testcases.All_Orders_Page_Testcases.Hana_T1490_AllOrdersView_Pending_Deliveries_View_Delivery_Type_as_Wire_In_and_Status_New_Redeliver_because_of_complaint_Redeliver_flowers_back_in_store_FT","Hana POS - Smoke Functional Test","com.hanapos.testcases.All_Orders_Page_Testcases.Hana_T1490_AllOrdersView_Pending_Deliveries_View_Delivery_Type_as_Wire_In_and_Status_New_Redeliver_because_of_complaint_Redeliver_flowers_back_in_store_FT","Validate_Hana_T1490_AllOrdersView_Pending_Deliveries_View_Delivery_Type_as_Wire_In_and_Status_New_Redeliver_because_of_complaint_Redeliver_flowers_back_in_store_FT"
"Hana_T1455 :- Verify Phone Order Status Changed to Not Delivered (Delivery Attempted) by Delivery confirmation details with existing customer functionality","314521","Validate_Hana_T1455_OrderPage_AllOrders_Verify_Status_is_ChangedTo_Not_Delivered_Delivery_Attempted_When_Order_is_Delivered_From_Delivery_Confirmation_Details_popup_Functionality_Test","Hana POS - Smoke Functional Test Suite","Thu Jun 12 15:26:26 IST 2025","passed","Thu Jun 12 15:31:40 IST 2025","com.hanapos.testcases.All_Orders_Page_Testcases.Hana_T1455_OrderPage_AllOrders_Verify_Status_is_ChangedTo_Not_Delivered_Delivery_Attempted_When_Order_is_Delivered_From_Delivery_Confirmation_Details_popup_Functionality_Test","Hana POS - Smoke Functional Test","com.hanapos.testcases.All_Orders_Page_Testcases.Hana_T1455_OrderPage_AllOrders_Verify_Status_is_ChangedTo_Not_Delivered_Delivery_Attempted_When_Order_is_Delivered_From_Delivery_Confirmation_Details_popup_Functionality_Test","Validate_Hana_T1455_OrderPage_AllOrders_Verify_Status_is_ChangedTo_Not_Delivered_Delivery_Attempted_When_Order_is_Delivered_From_Delivery_Confirmation_Details_popup_Functionality_Test"
"","273152","Validate_Hana_T1442_OrderPage_AllOrdersView_Today_Non_Deliveries_Delivery_Status_Set_In_Pending_Deliveries_Functionality_Test","Hana POS - Smoke Functional Test Suite","Thu Jun 12 15:21:48 IST 2025","passed","Thu Jun 12 15:26:21 IST 2025","com.hanapos.testcases.All_Orders_Page_Testcases.Hana_T1442_OrderPage_AllOrdersView_Today_Non_Deliveries_Delivery_Status_Set_In_Pending_Deliveries_Functionality_Test","Hana POS - Smoke Functional Test","com.hanapos.testcases.All_Orders_Page_Testcases.Hana_T1442_OrderPage_AllOrdersView_Today_Non_Deliveries_Delivery_Status_Set_In_Pending_Deliveries_Functionality_Test","Validate_Hana_T1442_OrderPage_AllOrdersView_Today_Non_Deliveries_Delivery_Status_Set_In_Pending_Deliveries_Functionality_Test"
"","177569","Validate_Hana_T302_Delivery_Functionality_with_Existing_customer","Hana POS - Smoke Functional Test Suite","Thu Jun 12 15:00:28 IST 2025","passed","Thu Jun 12 15:03:25 IST 2025","com.hanapos.testcases.Order_Entry_Alaise_Phone_Order_Testcases.Delivery_Type.Hana_T302_Delivery_Functionality_with_Existing_customer_FT","Hana POS - Smoke Functional Test","com.hanapos.testcases.Order_Entry_Alaise_Phone_Order_Testcases.Delivery_Type.Hana_T302_Delivery_Functionality_with_Existing_customer_FT","Validate_Hana_T302_Delivery_Functionality_with_Existing_customer"
"Hana_T18 :- Order Confirmation Popup functionality on Cash and Carry Payment Page","109288","Validate_Hana_T18_Order_Confirmation_Popup_Test","Hana POS - Smoke Functional Test Suite","Thu Jun 12 15:07:19 IST 2025","passed","Thu Jun 12 15:09:09 IST 2025","com.hanapos.testcases.CashandCarry_Testcases.Hana_T18_OrderConfirmationPopup_FT","Hana POS - Smoke Functional Test","com.hanapos.testcases.CashandCarry_Testcases.Hana_T18_OrderConfirmationPopup_FT","Validate_Hana_T18_Order_Confirmation_Popup_Test"
"Hana_T1435 :- Verify Phone Order Status Changed to Delivered by Hana Viewers mobile App with existing customer functionality","272764","Validate_Hana_T1435_OrderPage_AllOrders_Verify_Status_is_ChangedTo_Delivered_When_Order_is_Delivered_From_Hana_Viewers_App_Functionality_Test","Hana POS - Smoke Functional Test Suite","Thu Jun 12 15:20:21 IST 2025","passed","Thu Jun 12 15:24:53 IST 2025","com.hanapos.testcases.All_Orders_Page_Testcases.Hana_T1435_OrderPage_AllOrders_Verify_Status_is_ChangedTo_Delivered_When_Order_is_Delivered_From_Hana_Viewers_App_Functionality_Test","Hana POS - Smoke Functional Test","com.hanapos.testcases.All_Orders_Page_Testcases.Hana_T1435_OrderPage_AllOrders_Verify_Status_is_ChangedTo_Delivered_When_Order_is_Delivered_From_Hana_Viewers_App_Functionality_Test","Validate_Hana_T1435_OrderPage_AllOrders_Verify_Status_is_ChangedTo_Delivered_When_Order_is_Delivered_From_Hana_Viewers_App_Functionality_Test"
"","166181","Validate_Hana_T1500_AllOrdersPage_Verify_Status_Displaying_As_Pending_For_PhoneOrder_Functionality_Test","Hana POS - Smoke Functional Test Suite","Thu Jun 12 15:37:25 IST 2025","passed","Thu Jun 12 15:40:12 IST 2025","com.hanapos.testcases.All_Orders_Page_Testcases.Hana_T1500_AllOrdersPage_Verify_Status_Displaying_As_Pending_For_PhoneOrder_Functionality_Test","Hana POS - Smoke Functional Test","com.hanapos.testcases.All_Orders_Page_Testcases.Hana_T1500_AllOrdersPage_Verify_Status_Displaying_As_Pending_For_PhoneOrder_Functionality_Test","Validate_Hana_T1500_AllOrdersPage_Verify_Status_Displaying_As_Pending_For_PhoneOrder_Functionality_Test"
"","235244","Validate_Hana_T65_Payments_Add_New_Customer_Test","Hana POS - Smoke Functional Test Suite","Thu Jun 12 15:12:30 IST 2025","passed","Thu Jun 12 15:16:25 IST 2025","com.hanapos.testcases.CashandCarry_Testcases.Hana_T65_Payment_Add_New_Customer_FT","Hana POS - Smoke Functional Test","com.hanapos.testcases.CashandCarry_Testcases.Hana_T65_Payment_Add_New_Customer_FT","Validate_Hana_T65_Payments_Add_New_Customer_Test"
"Hana_T1470 :- Verify Phone Order Status Changed to Redeliver Flowers Back In Store when Florit Redelivered the Not Delivered Order with existing customer functionality","440645","Validate_Hana_T1470_OrderPage_AllOrders_Verify_Status_is_ChangedTo_RedeliverFlowersBackInStore_When_Florit_Redelivered_the_Not_Delivered_Order_Functionality_Test","Hana POS - Smoke Functional Test Suite","Thu Jun 12 15:30:15 IST 2025","passed","Thu Jun 12 15:37:35 IST 2025","com.hanapos.testcases.All_Orders_Page_Testcases.Hana_T1470_OrderPage_AllOrders_Verify_Status_is_ChangedTo_RedeliverFlowersBackInStore_When_Florit_Redelivered_the_Not_Delivered_Order_Functionality_Test","Hana POS - Smoke Functional Test","com.hanapos.testcases.All_Orders_Page_Testcases.Hana_T1470_OrderPage_AllOrders_Verify_Status_is_ChangedTo_RedeliverFlowersBackInStore_When_Florit_Redelivered_the_Not_Delivered_Order_Functionality_Test","Validate_Hana_T1470_OrderPage_AllOrders_Verify_Status_is_ChangedTo_RedeliverFlowersBackInStore_When_Florit_Redelivered_the_Not_Delivered_Order_Functionality_Test"
"","136476","Validate_Hana_T_EGift_Card_FT","Hana POS - Smoke Functional Test Suite","Thu Jun 12 15:15:32 IST 2025","passed","Thu Jun 12 15:17:49 IST 2025","com.hanapos.testcases.CashandCarry_Testcases.Hana_T_EGift_Card_FT","Hana POS - Smoke Functional Test","com.hanapos.testcases.CashandCarry_Testcases.Hana_T_EGift_Card_FT","Validate_Hana_T_EGift_Card_FT"
"Hana_T1431 :- Verify cash and carry order status with existing customer functionality","103404","Validate_Hana_T1431_OrderPage_AllOrders_Verify_Status_for_Cash_and_Carry_Orders_Functionality_Test","Hana POS - Smoke Functional Test Suite","Thu Jun 12 15:19:57 IST 2025","passed","Thu Jun 12 15:21:40 IST 2025","com.hanapos.testcases.All_Orders_Page_Testcases.Hana_T1431_OrderPage_AllOrders_Verify_Status_for_Cash_and_Carry_Orders_Functionality_Test","Hana POS - Smoke Functional Test","com.hanapos.testcases.All_Orders_Page_Testcases.Hana_T1431_OrderPage_AllOrders_Verify_Status_for_Cash_and_Carry_Orders_Functionality_Test","Validate_Hana_T1431_OrderPage_AllOrders_Verify_Status_for_Cash_and_Carry_Orders_Functionality_Test"
"","155808","Validate_Hana_T283_Add_Proposal_CreateProposalPage_Event_NewCustomer_Functionality_Test","Hana POS - Smoke Functional Test Suite","Thu Jun 12 15:49:06 IST 2025","failed","Thu Jun 12 15:51:42 IST 2025","com.hanapos.testcases.Proposal_TestCases.Event.Hana_T283_Add_Proposal_CreateProposalPage_Event_NewCustomer_Functionality","Hana POS - Smoke Functional Test","com.hanapos.testcases.Proposal_TestCases.Event.Hana_T283_Add_Proposal_CreateProposalPage_Event_NewCustomer_Functionality","Validate_Hana_T283_Add_Proposal_CreateProposalPage_Event_NewCustomer_Functionality_Test"
"Hana_T16 :- Delete the Added Product functionality in Cash and Carry","56738","Validate_Hana_T16_Delete_Product_Test","Hana POS - Smoke Functional Test Suite","Thu Jun 12 15:06:35 IST 2025","passed","Thu Jun 12 15:07:31 IST 2025","com.hanapos.testcases.CashandCarry_Testcases.Hana_T16_Delete_Product_FT","Hana POS - Smoke Functional Test","com.hanapos.testcases.CashandCarry_Testcases.Hana_T16_Delete_Product_FT","Validate_Hana_T16_Delete_Product_Test"
"","356447","Validate_Hana_T1049_Ecommerce_Checkout_Page_Functionality_Test","Hana POS - Smoke Functional Test Suite","Thu Jun 12 15:49:32 IST 2025","failed","Thu Jun 12 15:55:28 IST 2025","com.hanapos.testcases.Ecommerce_Testcases.Hana_T1049_Ecommerce_Checkout_Page_Functionality","Hana POS - Smoke Functional Test","com.hanapos.testcases.Ecommerce_Testcases.Hana_T1049_Ecommerce_Checkout_Page_Functionality","Validate_Hana_T1049_Ecommerce_Checkout_Page_Functionality_Test"
"","214197","Validate_Hana_T43_Payments_Split_Payment_Test","Hana POS - Smoke Functional Test Suite","Thu Jun 12 15:08:30 IST 2025","failed","Thu Jun 12 15:12:05 IST 2025","com.hanapos.testcases.CashandCarry_Testcases.Hana_T43_Payments_Split_Payment_FT","Hana POS - Smoke Functional Test","com.hanapos.testcases.CashandCarry_Testcases.Hana_T43_Payments_Split_Payment_FT","Validate_Hana_T43_Payments_Split_Payment_Test"
"Hana_T33 :- Purchase the product with coupon functionality","63760","Validate_Hana_T33_Purchase_Product_With_Coupon_Test","Hana POS - Smoke Functional Test Suite","Thu Jun 12 15:51:48 IST 2025","passed","Thu Jun 12 15:52:51 IST 2025","com.hanapos.testcases.CashandCarry_Testcases.Hana_T33_Purchase_Product_With_Coupon_FT","Hana POS - Smoke Functional Test","com.hanapos.testcases.CashandCarry_Testcases.Hana_T33_Purchase_Product_With_Coupon_FT","Validate_Hana_T33_Purchase_Product_With_Coupon_Test"
"","115219","Validate_Hana_T61_Payments_GiftCard_Payment_Section_Test","Hana POS - Smoke Functional Test Suite","Thu Jun 12 15:55:00 IST 2025","passed","Thu Jun 12 15:56:55 IST 2025","com.hanapos.testcases.CashandCarry_Testcases.Hana_T61_Payments_GiftCard_Payment_Section_FT","Hana POS - Smoke Functional Test","com.hanapos.testcases.CashandCarry_Testcases.Hana_T61_Payments_GiftCard_Payment_Section_FT","Validate_Hana_T61_Payments_GiftCard_Payment_Section_Test"
"","228378","Validate_Hana_T1044_Orders_AllOrdersPage_ActionMenu_CancelOrder_Functionality_Test","Hana POS - Smoke Functional Test Suite","Thu Jun 12 15:16:27 IST 2025","passed","Thu Jun 12 15:20:15 IST 2025","com.hanapos.testcases.All_Orders_Page_Testcases.Hana_T1044_Orders_AllOrdersPage_ActionMenu_CancelOrder_Functionality","Hana POS - Smoke Functional Test","com.hanapos.testcases.All_Orders_Page_Testcases.Hana_T1044_Orders_AllOrdersPage_ActionMenu_CancelOrder_Functionality","Validate_Hana_T1044_Orders_AllOrdersPage_ActionMenu_CancelOrder_Functionality_Test"
"","166010","Validate_Hana_T455_OrderEntryPage_WireIn_Wire_In_Info_Functionality_Test","Hana POS - Smoke Functional Test Suite","Thu Jun 12 15:03:25 IST 2025","passed","Thu Jun 12 15:06:11 IST 2025","com.hanapos.testcases.Order_Entry_Alaise_Phone_Order_Testcases.WireIn_Type.Hana_T455_OrderEntryPage_WireIn_Wire_In_Info_FT","Hana POS - Smoke Functional Test","com.hanapos.testcases.Order_Entry_Alaise_Phone_Order_Testcases.WireIn_Type.Hana_T455_OrderEntryPage_WireIn_Wire_In_Info_FT","Validate_Hana_T455_OrderEntryPage_WireIn_Wire_In_Info_Functionality_Test"
"","229097","Validate_Hana_T1048_Orders_AllOrdersPage_ActionMenu_UpdateOrder_OrderUpgrade_Functionality_Test","Hana POS - Smoke Functional Test Suite","Thu Jun 12 15:17:54 IST 2025","passed","Thu Jun 12 15:21:43 IST 2025","com.hanapos.testcases.All_Orders_Page_Testcases.Hana_T1048_Orders_AllOrdersPage_ActionMenu_UpdateOrder_OrderUpgrade_Functionality","Hana POS - Smoke Functional Test","com.hanapos.testcases.All_Orders_Page_Testcases.Hana_T1048_Orders_AllOrdersPage_ActionMenu_UpdateOrder_OrderUpgrade_Functionality","Validate_Hana_T1048_Orders_AllOrdersPage_ActionMenu_UpdateOrder_OrderUpgrade_Functionality_Test"
"","273928","Validate_Hana_T1466_OrderPage_AllOrdersView_Pending_Confirmations_View_Functionality_Test","Hana POS - Smoke Functional Test Suite","Thu Jun 12 15:29:40 IST 2025","passed","Thu Jun 12 15:34:14 IST 2025","com.hanapos.testcases.All_Orders_Page_Testcases.Hana_T1466_OrderPage_AllOrdersView_Pending_Confirmations_View_Functionality_Test","Hana POS - Smoke Functional Test","com.hanapos.testcases.All_Orders_Page_Testcases.Hana_T1466_OrderPage_AllOrdersView_Pending_Confirmations_View_Functionality_Test","Validate_Hana_T1466_OrderPage_AllOrdersView_Pending_Confirmations_View_Functionality_Test"
"Hana_T1454 :- Verify Phone Order Status Changed to Not Delivered (Delivery Attempted) by Hana Viewers mobile App with existing customer functionality","278881","Validate_Hana_T1454_OrderPage_AllOrders_Verify_Status_is_ChangedTo_Not_Delivered_Delivery_Attempted_When_Order_is_Delivered_From_Hana_Viewers_App_Functionality_Test","Hana POS - Smoke Functional Test Suite","Thu Jun 12 15:24:57 IST 2025","passed","Thu Jun 12 15:29:36 IST 2025","com.hanapos.testcases.All_Orders_Page_Testcases.Hana_T1454_OrderPage_AllOrders_Verify_Status_is_ChangedTo_Not_Delivered_Delivery_Attempted_When_Order_is_Delivered_From_Hana_Viewers_App_Functionality_Test","Hana POS - Smoke Functional Test","com.hanapos.testcases.All_Orders_Page_Testcases.Hana_T1454_OrderPage_AllOrders_Verify_Status_is_ChangedTo_Not_Delivered_Delivery_Attempted_When_Order_is_Delivered_From_Hana_Viewers_App_Functionality_Test","Validate_Hana_T1454_OrderPage_AllOrders_Verify_Status_is_ChangedTo_Not_Delivered_Delivery_Attempted_When_Order_is_Delivered_From_Hana_Viewers_App_Functionality_Test"
"","137326","Validate_Hana_T_Webadmin_Update_AddOn_Test","Hana POS - Smoke Functional Test Suite","Thu Jun 12 15:58:25 IST 2025","failed","Thu Jun 12 16:00:42 IST 2025","com.hanapos.testcases.WebAdmin_Testcases.Hana_T_Webadmin_Add_New_AddOn_Test","Hana POS - Smoke Functional Test","com.hanapos.testcases.WebAdmin_Testcases.Hana_T_Webadmin_Add_New_AddOn_Test","Validate_Hana_T_Webadmin_Update_AddOn_Test"
"","206049","Validate_Hana_T082_Pickup_Functionality_with_New_customer_Test","Hana POS - Smoke Functional Test Suite","Thu Jun 12 15:00:28 IST 2025","passed","Thu Jun 12 15:03:54 IST 2025","com.hanapos.testcases.Order_Entry_Alaise_Phone_Order_Testcases.Pick_Up_Type.Hana_T082_Pickup_Functionality_with_New_customer_FT","Hana POS - Smoke Functional Test","com.hanapos.testcases.Order_Entry_Alaise_Phone_Order_Testcases.Pick_Up_Type.Hana_T082_Pickup_Functionality_with_New_customer_FT","Validate_Hana_T082_Pickup_Functionality_with_New_customer_Test"
"","177420","Validate_Hana_T519_OrderEntryPage_WireOut_Functionality_with_Existing_customer_Functionality_Test","Hana POS - Smoke Functional Test Suite","Thu Jun 12 15:03:31 IST 2025","passed","Thu Jun 12 15:06:28 IST 2025","com.hanapos.testcases.Order_Entry_Alaise_Phone_Order_Testcases.WireOut_Type.Hana_T519_OrderEntryPage_WireOut_Functionality_with_Existing_customer_FT","Hana POS - Smoke Functional Test","com.hanapos.testcases.Order_Entry_Alaise_Phone_Order_Testcases.WireOut_Type.Hana_T519_OrderEntryPage_WireOut_Functionality_with_Existing_customer_FT","Validate_Hana_T519_OrderEntryPage_WireOut_Functionality_with_Existing_customer_Functionality_Test"
"","181662","Add_New_EGiftCard","Hana POS - Smoke Functional Test Suite","Thu Jun 12 15:53:44 IST 2025","passed","Thu Jun 12 15:56:45 IST 2025","com.hanapos.testcases.CashandCarry_Testcases.Hana_T_Payments_With_EGiftCard_Under_Payment_Section_GiftCard_FT","Hana POS - Smoke Functional Test","com.hanapos.testcases.CashandCarry_Testcases.Hana_T_Payments_With_EGiftCard_Under_Payment_Section_GiftCard_FT","Add_New_EGiftCard"
"","252458","Validate_Hana_T711_Quick_Dispatch_Functionality_with_Existing_customer","Hana POS - Smoke Functional Test Suite","Thu Jun 12 15:15:39 IST 2025","failed","Thu Jun 12 15:19:52 IST 2025","com.hanapos.testcases.Quick_Dispatch_Testcases.Hana_T711_Quick_Dispatch_Functionality","Hana POS - Smoke Functional Test","com.hanapos.testcases.Quick_Dispatch_Testcases.Hana_T711_Quick_Dispatch_Functionality","Validate_Hana_T711_Quick_Dispatch_Functionality_with_Existing_customer"
"Hana_T14 :- Add Product on Cash And Carry Page Functionality with existing customer","185660","Validate_Hana_T14_Add_Product_Test","Hana POS - Smoke Functional Test Suite","Thu Jun 12 15:05:20 IST 2025","passed","Thu Jun 12 15:08:26 IST 2025","com.hanapos.testcases.CashandCarry_Testcases.Hana_T14_Add_Product_FT","Hana POS - Smoke Functional Test","com.hanapos.testcases.CashandCarry_Testcases.Hana_T14_Add_Product_FT","Validate_Hana_T14_Add_Product_Test"
"","363121","Validate_Hana_T1504_AllOrdersView_Split_Payment_View_Functionality_Test","Hana POS - Smoke Functional Test Suite","Thu Jun 12 15:40:18 IST 2025","failed","Thu Jun 12 15:46:21 IST 2025","com.hanapos.testcases.All_Orders_Page_Testcases.Hana_T1504_AllOrdersView_Split_Payment_View_Functionality_Test","Hana POS - Smoke Functional Test","com.hanapos.testcases.All_Orders_Page_Testcases.Hana_T1504_AllOrdersView_Split_Payment_View_Functionality_Test","Validate_Hana_T1504_AllOrdersView_Split_Payment_View_Functionality_Test"
"","253448","Validate_Hana_T1512_AllOrdersPage_Filters_InvoiceFilter_Functionality_Test","Hana POS - Smoke Functional Test Suite","Thu Jun 12 15:42:43 IST 2025","passed","Thu Jun 12 15:46:56 IST 2025","com.hanapos.testcases.All_Orders_Page_Testcases.Hana_T1512_AllOrdersPage_Filters_InvoiceFilter_Functionality_Test","Hana POS - Smoke Functional Test","com.hanapos.testcases.All_Orders_Page_Testcases.Hana_T1512_AllOrdersPage_Filters_InvoiceFilter_Functionality_Test","Validate_Hana_T1512_AllOrdersPage_Filters_InvoiceFilter_Functionality_Test"
"","196014","Validate_Hana_T520_OrderEntryPage_WireOut_Functionality_with_New_customer_Functionality_Test","Hana POS - Smoke Functional Test Suite","Thu Jun 12 15:03:59 IST 2025","passed","Thu Jun 12 15:07:15 IST 2025","com.hanapos.testcases.Order_Entry_Alaise_Phone_Order_Testcases.WireOut_Type.Hana_T520_OrderEntryPage_WireOut_Functionality_with_New_customer_FT","Hana POS - Smoke Functional Test","com.hanapos.testcases.Order_Entry_Alaise_Phone_Order_Testcases.WireOut_Type.Hana_T520_OrderEntryPage_WireOut_Functionality_with_New_customer_FT","Validate_Hana_T520_OrderEntryPage_WireOut_Functionality_with_New_customer_Functionality_Test"
"","164584","Validate_Hana_T53_Payments_Check_Payment_Section_Test","Hana POS - Smoke Functional Test Suite","Thu Jun 12 15:09:38 IST 2025","failed","Thu Jun 12 15:12:23 IST 2025","com.hanapos.testcases.CashandCarry_Testcases.Hana_T53_Payments_Check_Payment_Section_FT","Hana POS - Smoke Functional Test","com.hanapos.testcases.CashandCarry_Testcases.Hana_T53_Payments_Check_Payment_Section_FT","Validate_Hana_T53_Payments_Check_Payment_Section_Test"
"Hana_T37 :- Add New Customer functionality on Cash And Carry Page","292749","Validate_Hana_T37_Add_New_Customer_Test","Hana POS - Smoke Functional Test Suite","Thu Jun 12 15:08:31 IST 2025","failed","Thu Jun 12 15:13:23 IST 2025","com.hanapos.testcases.CashandCarry_Testcases.Hana_T37_Add_New_Customer_FT","Hana POS - Smoke Functional Test","com.hanapos.testcases.CashandCarry_Testcases.Hana_T37_Add_New_Customer_FT","Validate_Hana_T37_Add_New_Customer_Test"
"","221024","Validate_Hana_T1434_Order_Page_All_Orders_Verify_the_Status_is_change_to_Dispatch_when_order_is_dispatch_from_Advance_Dispatch_Functionality","Hana POS - Smoke Functional Test Suite","Thu Jun 12 15:55:32 IST 2025","passed","Thu Jun 12 15:59:13 IST 2025","com.hanapos.testcases.All_Orders_Page_Testcases.Hana_T1434_Order_Page_All_Orders_Verify_the_Status_is_change_to_Dispatch_when_order_is_dispatch_from_Advance_Dispatch_Functionality","Hana POS - Smoke Functional Test","com.hanapos.testcases.All_Orders_Page_Testcases.Hana_T1434_Order_Page_All_Orders_Verify_the_Status_is_change_to_Dispatch_when_order_is_dispatch_from_Advance_Dispatch_Functionality","Validate_Hana_T1434_Order_Page_All_Orders_Verify_the_Status_is_change_to_Dispatch_when_order_is_dispatch_from_Advance_Dispatch_Functionality"
"","135926","Validate_Hana_T1208_Email_Campaign_Regression_Functionality_Test","Hana POS - Smoke Functional Test Suite","Thu Jun 12 15:51:39 IST 2025","passed","Thu Jun 12 15:53:55 IST 2025","com.hanapos.testcases.Email_Marketing_Testcases.Hana_T1208_Email_Campaign_Regression_Functionality_Test","Hana POS - Smoke Functional Test","com.hanapos.testcases.Email_Marketing_Testcases.Hana_T1208_Email_Campaign_Regression_Functionality_Test","Validate_Hana_T1208_Email_Campaign_Regression_Functionality_Test"
"","307825","Validate_Hana_T243_Add_Proposal_CreateProposalPage_Wedding_Functionality_Test","Hana POS - Smoke Functional Test Suite","Thu Jun 12 15:46:25 IST 2025","passed","Thu Jun 12 15:51:33 IST 2025","com.hanapos.testcases.Proposal_TestCases.Wedding.Hana_T243_Add_Proposal_CreateProposalPage_Wedding_Functionality","Hana POS - Smoke Functional Test","com.hanapos.testcases.Proposal_TestCases.Wedding.Hana_T243_Add_Proposal_CreateProposalPage_Wedding_Functionality","Validate_Hana_T243_Add_Proposal_CreateProposalPage_Wedding_Functionality_Test"
"","78376","Validate_Hana_T_Webadmin_Add_New_AddOn_Test","Hana POS - Smoke Functional Test Suite","Thu Jun 12 15:57:02 IST 2025","failed","Thu Jun 12 15:58:21 IST 2025","com.hanapos.testcases.WebAdmin_Testcases.Hana_T_Webadmin_Add_New_AddOn_Test","Hana POS - Smoke Functional Test","com.hanapos.testcases.WebAdmin_Testcases.Hana_T_Webadmin_Add_New_AddOn_Test","Validate_Hana_T_Webadmin_Add_New_AddOn_Test"
"","237561","Validate_Hana_T272_Add_Proposal_CreateProposalPage_Event_Functionality_Test","Hana POS - Smoke Functional Test Suite","Thu Jun 12 15:47:02 IST 2025","passed","Thu Jun 12 15:51:00 IST 2025","com.hanapos.testcases.Proposal_TestCases.Event.Hana_T272_Add_Proposal_CreateProposalPage_Event_Functionality","Hana POS - Smoke Functional Test","com.hanapos.testcases.Proposal_TestCases.Event.Hana_T272_Add_Proposal_CreateProposalPage_Event_Functionality","Validate_Hana_T272_Add_Proposal_CreateProposalPage_Event_Functionality_Test"
"","127444","Validate_Hana_T68_Payments_Donation_Payment_Test","Hana POS - Smoke Functional Test Suite","Thu Jun 12 15:13:28 IST 2025","failed","Thu Jun 12 15:15:36 IST 2025","com.hanapos.testcases.CashandCarry_Testcases.Hana_T68_Payments_Donation_Payment_Section_FT","Hana POS - Smoke Functional Test","com.hanapos.testcases.CashandCarry_Testcases.Hana_T68_Payments_Donation_Payment_Section_FT","Validate_Hana_T68_Payments_Donation_Payment_Test"
"","182475","Validate_Hana_T1487_OrderPage_AllOrders_Verify_Status_Displaying_As_Transfered_When_The_Florist_Transfer_Order_Functionality_Test","Hana POS - Smoke Functional Test Suite","Thu Jun 12 15:34:20 IST 2025","passed","Thu Jun 12 15:37:22 IST 2025","com.hanapos.testcases.All_Orders_Page_Testcases.Hana_T1487_OrderPage_AllOrders_Verify_Status_Displaying_As_Transfered_When_The_Florist_Transfer_Order_Functionality_Test","Hana POS - Smoke Functional Test","com.hanapos.testcases.All_Orders_Page_Testcases.Hana_T1487_OrderPage_AllOrders_Verify_Status_Displaying_As_Transfered_When_The_Florist_Transfer_Order_Functionality_Test","Validate_Hana_T1487_OrderPage_AllOrders_Verify_Status_Displaying_As_Transfered_When_The_Florist_Transfer_Order_Functionality_Test"
"Hana_T1438 :- Verify Phone Order Status Changed to Delivered by delivery confirmation popup with existing customer functionality","304372","Validate_Hana_T1438_OrderPage_AllOrders_Verify_Status_is_ChangedTo_Delivered_When_Order_is_Delivered_From_Delivery_Confirmation_Details_Popup_Functionality_Test","Hana POS - Smoke Functional Test Suite","Thu Jun 12 15:21:46 IST 2025","passed","Thu Jun 12 15:26:50 IST 2025","com.hanapos.testcases.All_Orders_Page_Testcases.Hana_T1438_OrderPage_AllOrders_Verify_Status_is_ChangedTo_Delivered_When_Order_is_Delivered_From_Delivery_Confirmation_Details_Popup_Functionality_Test","Hana POS - Smoke Functional Test","com.hanapos.testcases.All_Orders_Page_Testcases.Hana_T1438_OrderPage_AllOrders_Verify_Status_is_ChangedTo_Delivered_When_Order_is_Delivered_From_Delivery_Confirmation_Details_Popup_Functionality_Test","Validate_Hana_T1438_OrderPage_AllOrders_Verify_Status_is_ChangedTo_Delivered_When_Order_is_Delivered_From_Delivery_Confirmation_Details_Popup_Functionality_Test"
"","159296","Validate_Hana_T1501_AllOrdersPage_Verify_Status_Is_Changed_TO_Delivered_From_Pending_For_PickupOrder_Functionality_Test","Hana POS - Smoke Functional Test Suite","Thu Jun 12 15:37:40 IST 2025","passed","Thu Jun 12 15:40:19 IST 2025","com.hanapos.testcases.All_Orders_Page_Testcases.Hana_T1501_AllOrdersPage_Verify_Status_Is_Changed_TO_Delivered_From_Pending_For_PickupOrder_Functionality_Test","Hana POS - Smoke Functional Test","com.hanapos.testcases.All_Orders_Page_Testcases.Hana_T1501_AllOrdersPage_Verify_Status_Is_Changed_TO_Delivered_From_Pending_For_PickupOrder_Functionality_Test","Validate_Hana_T1501_AllOrdersPage_Verify_Status_Is_Changed_TO_Delivered_From_Pending_For_PickupOrder_Functionality_Test"
"","113456","Validate_Hana_T79_Add_Product_With_Existing_Customer_Test","Hana POS - Smoke Functional Test Suite","Thu Jun 12 15:14:28 IST 2025","passed","Thu Jun 12 15:16:21 IST 2025","com.hanapos.testcases.CashandCarry_Testcases.Hana_T79_Add_Product_With_Existing_Customer_FT","Hana POS - Smoke Functional Test","com.hanapos.testcases.CashandCarry_Testcases.Hana_T79_Add_Product_With_Existing_Customer_FT","Validate_Hana_T79_Add_Product_With_Existing_Customer_Test"
"","131978","Validate_Hana_T59_Payments_POH_Payment_Section_Test","Hana POS - Smoke Functional Test Suite","Thu Jun 12 15:12:10 IST 2025","passed","Thu Jun 12 15:14:22 IST 2025","com.hanapos.testcases.CashandCarry_Testcases.Hana_T59_Payments_POH_Payment_Section_FT","Hana POS - Smoke Functional Test","com.hanapos.testcases.CashandCarry_Testcases.Hana_T59_Payments_POH_Payment_Section_FT","Validate_Hana_T59_Payments_POH_Payment_Section_Test"
"Hana_T1229 :- Create New Customer Functionality Test","70695","Validate_Hana_T1229_Customer_NewCustomer_Functionality_Test","Hana POS - Smoke Functional Test Suite","Thu Jun 12 15:04:07 IST 2025","passed","Thu Jun 12 15:05:17 IST 2025","com.hanapos.testcases.CustomerModule_TestCases.Hana_T1229_Customer_NewCustomer_Functionality_Test","Hana POS - Smoke Functional Test","com.hanapos.testcases.CustomerModule_TestCases.Hana_T1229_Customer_NewCustomer_Functionality_Test","Validate_Hana_T1229_Customer_NewCustomer_Functionality_Test"
"","160545","Validate_Hana_T259_Add_Proposal_CreateProposalPage_Wedding_NewCustomer_Functionality_Test","Hana POS - Smoke Functional Test Suite","Thu Jun 12 15:46:44 IST 2025","failed","Thu Jun 12 15:49:25 IST 2025","com.hanapos.testcases.Proposal_TestCases.Wedding.Hana_T259_Add_Proposal_CreateProposalPage_Wedding_NewCustomer_Functionality","Hana POS - Smoke Functional Test","com.hanapos.testcases.Proposal_TestCases.Wedding.Hana_T259_Add_Proposal_CreateProposalPage_Wedding_NewCustomer_Functionality","Validate_Hana_T259_Add_Proposal_CreateProposalPage_Wedding_NewCustomer_Functionality_Test"
"Hana_T1476 :- Verify Phone Order Status Changed to Delivered from (Redeliver Flowers Back In Store) using order confirmation page with existing customer functionality","483344","Validate_Hana_T1476_OrderPage_AllOrders_Verify_Status_is_ChangedTo_Delivered_From_RedeliverFlowersBackInStore_Using_OrderConfirmationPage_Functionality_Test","Hana POS - Smoke Functional Test Suite","Thu Jun 12 15:31:46 IST 2025","passed","Thu Jun 12 15:39:49 IST 2025","com.hanapos.testcases.All_Orders_Page_Testcases.Hana_T1476_OrderPage_AllOrders_Verify_Status_is_ChangedTo_Delivered_From_RedeliverFlowersBackInStore_Using_OrderConfirmationPage_Functionality_Test","Hana POS - Smoke Functional Test","com.hanapos.testcases.All_Orders_Page_Testcases.Hana_T1476_OrderPage_AllOrders_Verify_Status_is_ChangedTo_Delivered_From_RedeliverFlowersBackInStore_Using_OrderConfirmationPage_Functionality_Test","Validate_Hana_T1476_OrderPage_AllOrders_Verify_Status_is_ChangedTo_Delivered_From_RedeliverFlowersBackInStore_Using_OrderConfirmationPage_Functionality_Test"
"","142070","Validate_Hana_T56_Payments_Invoice_Payment_Section_Test","Hana POS - Smoke Functional Test Suite","Thu Jun 12 15:11:18 IST 2025","passed","Thu Jun 12 15:13:40 IST 2025","com.hanapos.testcases.CashandCarry_Testcases.Hana_T56_Payments_Invoice_Payment_Section_FT","Hana POS - Smoke Functional Test","com.hanapos.testcases.CashandCarry_Testcases.Hana_T56_Payments_Invoice_Payment_Section_FT","Validate_Hana_T56_Payments_Invoice_Payment_Section_Test"
"","217593","Validate_Hana_T1046_Orders_AllOrdersPage_ActionMenu_UpdateOrder_PartialRefund_Functionality_Test","Hana POS - Smoke Functional Test Suite","Thu Jun 12 15:16:31 IST 2025","passed","Thu Jun 12 15:20:09 IST 2025","com.hanapos.testcases.All_Orders_Page_Testcases.Hana_T1046_Orders_AllOrdersPage_ActionMenu_UpdateOrder_PartialRefund_Functionality","Hana POS - Smoke Functional Test","com.hanapos.testcases.All_Orders_Page_Testcases.Hana_T1046_Orders_AllOrdersPage_ActionMenu_UpdateOrder_PartialRefund_Functionality","Validate_Hana_T1046_Orders_AllOrdersPage_ActionMenu_UpdateOrder_PartialRefund_Functionality_Test"
"","171447","Validate_Hana_T081_Pickup_Functionality_with_Existing_customer","Hana POS - Smoke Functional Test Suite","Thu Jun 12 15:00:28 IST 2025","passed","Thu Jun 12 15:03:19 IST 2025","com.hanapos.testcases.Order_Entry_Alaise_Phone_Order_Testcases.Pick_Up_Type.Hana_T081_Pickup_Functionality_with_Existing_customer_FT","Hana POS - Smoke Functional Test","com.hanapos.testcases.Order_Entry_Alaise_Phone_Order_Testcases.Pick_Up_Type.Hana_T081_Pickup_Functionality_with_Existing_customer_FT","Validate_Hana_T081_Pickup_Functionality_with_Existing_customer"
"","214708","Validate_Hana_T1461_AllOrdersView_Cash_On_Deliveries_View_Functionality_Test","Hana POS - Smoke Functional Test Suite","Thu Jun 12 15:26:34 IST 2025","passed","Thu Jun 12 15:30:08 IST 2025","com.hanapos.testcases.All_Orders_Page_Testcases.Hana_T1461_AllOrdersView_Cash_On_Deliveries_View_Functionality_Test","Hana POS - Smoke Functional Test","com.hanapos.testcases.All_Orders_Page_Testcases.Hana_T1461_AllOrdersView_Cash_On_Deliveries_View_Functionality_Test","Validate_Hana_T1461_AllOrdersView_Cash_On_Deliveries_View_Functionality_Test"
"","118661","Add_New_GiftCard","Hana POS - Smoke Functional Test Suite","Thu Jun 12 15:52:56 IST 2025","passed","Thu Jun 12 15:54:55 IST 2025","com.hanapos.testcases.CashandCarry_Testcases.Hana_T61_Payments_GiftCard_Payment_Section_FT","Hana POS - Smoke Functional Test","com.hanapos.testcases.CashandCarry_Testcases.Hana_T61_Payments_GiftCard_Payment_Section_FT","Add_New_GiftCard"
"","100145","Validate_Hana_T69_Add_Product_Without_Customer_Test","Hana POS - Smoke Functional Test Suite","Thu Jun 12 15:13:46 IST 2025","passed","Thu Jun 12 15:15:26 IST 2025","com.hanapos.testcases.CashandCarry_Testcases.Hana_T69_Add_Product_Without_Customer_FT","Hana POS - Smoke Functional Test","com.hanapos.testcases.CashandCarry_Testcases.Hana_T69_Add_Product_Without_Customer_FT","Validate_Hana_T69_Add_Product_Without_Customer_Test"
"","148189","Validate_Hana_T1206_Webadmin_Add_New_Product_test","Hana POS - Smoke Functional Test Suite","Thu Jun 12 15:51:11 IST 2025","passed","Thu Jun 12 15:53:39 IST 2025","com.hanapos.testcases.WebAdmin_Testcases.Hana_T1206_Webadmin_Add_New_Product_Test","Hana POS - Smoke Functional Test","com.hanapos.testcases.WebAdmin_Testcases.Hana_T1206_Webadmin_Add_New_Product_Test","Validate_Hana_T1206_Webadmin_Add_New_Product_test"
"","133007","Validate_Hana_T1509_AllOrdersView_Walkin_Sale_View_Functionality_Test","Hana POS - Smoke Functional Test Suite","Thu Jun 12 15:40:25 IST 2025","passed","Thu Jun 12 15:42:38 IST 2025","com.hanapos.testcases.All_Orders_Page_Testcases.Hana_T1509_AllOrdersView_Walkin_Sale_View_Functionality_Test","Hana POS - Smoke Functional Test","com.hanapos.testcases.All_Orders_Page_Testcases.Hana_T1509_AllOrdersView_Walkin_Sale_View_Functionality_Test","Validate_Hana_T1509_AllOrdersView_Walkin_Sale_View_Functionality_Test"
"Hana_T15 :- Edit the Added Product functionality in Cash and Carry","131056","Validate_Hana_T15_Edit_Product_Test","Hana POS - Smoke Functional Test Suite","Thu Jun 12 15:06:15 IST 2025","passed","Thu Jun 12 15:08:26 IST 2025","com.hanapos.testcases.CashandCarry_Testcases.Hana_T15_Edit_Product_FT","Hana POS - Smoke Functional Test","com.hanapos.testcases.CashandCarry_Testcases.Hana_T15_Edit_Product_FT","Validate_Hana_T15_Edit_Product_Test"
"","201050","Validate_Hana_T1453_OrdersPage_AllOrdersPage_Verify_Status_displaying_as_Cancelled_when_florist_cancelled_the_order_Functionality_Test","Hana POS - Smoke Functional Test Suite","Thu Jun 12 15:23:07 IST 2025","failed","Thu Jun 12 15:26:28 IST 2025","com.hanapos.testcases.All_Orders_Page_Testcases.Hana_T1453_OrdersPage_AllOrdersPage_Verify_Status_displaying_as_Cancelled_when_florist_cancelled_the_order_Functionality_Test","Hana POS - Smoke Functional Test","com.hanapos.testcases.All_Orders_Page_Testcases.Hana_T1453_OrdersPage_AllOrdersPage_Verify_Status_displaying_as_Cancelled_when_florist_cancelled_the_order_Functionality_Test","Validate_Hana_T1453_OrdersPage_AllOrdersPage_Verify_Status_displaying_as_Cancelled_when_florist_cancelled_the_order_Functionality_Test"
"","216070","Validate_Hana_T303_Delivery_Functionality_with_New_customer_Functionality_Test","Hana POS - Smoke Functional Test Suite","Thu Jun 12 15:00:26 IST 2025","passed","Thu Jun 12 15:04:02 IST 2025","com.hanapos.testcases.Order_Entry_Alaise_Phone_Order_Testcases.Delivery_Type.Hana_T303_Delivery_Functionality_with_New_customer_FT","Hana POS - Smoke Functional Test","com.hanapos.testcases.Order_Entry_Alaise_Phone_Order_Testcases.Delivery_Type.Hana_T303_Delivery_Functionality_with_New_customer_FT","Validate_Hana_T303_Delivery_Functionality_with_New_customer_Functionality_Test"
"","292645","Validate_Hana_T1513_AllOrdersPage_Filters_CustomerFilter_Functionality_Test","Hana POS - Smoke Functional Test Suite","Thu Jun 12 15:44:07 IST 2025","failed","Thu Jun 12 15:49:00 IST 2025","com.hanapos.testcases.All_Orders_Page_Testcases.Hana_T1513_AllOrdersPage_Filters_CustomerFilter_Functionality_Test","Hana POS - Smoke Functional Test","com.hanapos.testcases.All_Orders_Page_Testcases.Hana_T1513_AllOrdersPage_Filters_CustomerFilter_Functionality_Test","Validate_Hana_T1513_AllOrdersPage_Filters_CustomerFilter_Functionality_Test"
